timestamp,event_type,seq_no,attempt_no,rtt_seconds
1780661863.8311477,SEND,0,1,
1780661863.8316674,ACK,0,1,0.0005197525024414062
1780661863.8321595,SEND,1,1,
1780661863.832866,ACK,1,1,0.0007064342498779297
1780661863.8332756,SEND,2,1,
1780661863.8338575,ACK,2,1,0.0005819797515869141
1780661863.8344755,SEND,3,1,
1780661863.8352563,ACK,3,1,0.0007808208465576172
1780661863.8364983,SEND,4,1,
1780661863.84169,ACK,4,1,0.005191802978515625
1780661863.8455696,SEND,5,1,
1780661863.8462348,ACK,5,1,0.0006651878356933594
1780661863.846872,SEND,6,1,
1780661863.847681,ACK,6,1,0.0008089542388916016
1780661863.8483222,SEND,7,1,
1780661863.8493586,ACK,7,1,0.0010364055633544922
1780661863.849965,SEND,8,1,
1780661865.8575587,TIMEOUT,8,1,
1780661865.8581865,SEND,8,2,
1780661865.863374,ACK,8,2,0.005187511444091797
1780661865.8667605,SEND,9,1,
1780661865.8684998,ACK,9,1,0.0017392635345458984
1780661865.8705494,SEND,10,1,
1780661865.8717074,ACK,10,1,0.001157999038696289
1780661865.8726335,SEND,11,1,
1780661865.8735485,ACK,11,1,0.0009150505065917969
1780661865.8791616,SEND,12,1,
1780661865.880659,ACK,12,1,0.001497507095336914
1780661865.8815584,SEND,13,1,
1780661865.8827097,ACK,13,1,0.0011513233184814453
1780661865.8834314,SEND,14,1,
1780661865.8851604,ACK,14,1,0.0017290115356445312
1780661865.8870308,SEND,15,1,
1780661865.8878484,ACK,15,1,0.0008175373077392578
1780661865.8886437,SEND,16,1,
1780661865.8895867,ACK,16,1,0.0009429454803466797
1780661865.8901794,SEND,17,1,
1780661865.8907945,ACK,17,1,0.0006151199340820312
1780661865.8914685,SEND,18,1,
1780661865.8923283,ACK,18,1,0.0008597373962402344
1780661865.8930569,SEND,19,1,
1780661865.8989284,ACK,19,1,0.00587153434753418
1780661865.9022653,SEND,20,1,
1780661865.9033027,ACK,20,1,0.0010373592376708984
1780661865.9058049,SEND,21,1,
1780661865.9087713,ACK,21,1,0.0029664039611816406
1780661865.9095955,SEND,22,1,
1780661865.916953,ACK,22,1,0.007357597351074219
1780661865.9183114,SEND,23,1,
1780661865.9206774,ACK,23,1,0.0023660659790039062
1780661865.9238846,SEND,24,1,
1780661865.9268928,ACK,24,1,0.003008127212524414
1780661865.9319944,SEND,25,1,
1780661865.9332054,ACK,25,1,0.001210927963256836
1780661865.93409,SEND,26,1,
1780661867.938786,TIMEOUT,26,1,
1780661867.939227,SEND,26,2,
1780661867.9432437,ACK,26,2,0.0040166378021240234
1780661867.9465268,SEND,27,1,
1780661867.9477382,ACK,27,1,0.001211404800415039
1780661867.9490461,SEND,28,1,
1780661867.949899,ACK,28,1,0.0008528232574462891
1780661867.9509497,SEND,29,1,
1780661867.9554222,ACK,29,1,0.004472494125366211
1780661867.959165,SEND,30,1,
1780661867.9602234,ACK,30,1,0.001058340072631836
1780661867.9612355,SEND,31,1,
1780661869.9699135,TIMEOUT,31,1,
1780661869.970213,SEND,31,2,
1780661869.9741626,ACK,31,2,0.003949642181396484
1780661869.9778233,SEND,32,1,
1780661869.9789455,ACK,32,1,0.0011222362518310547
1780661869.9806156,SEND,33,1,
1780661869.981866,ACK,33,1,0.0012502670288085938
1780661869.9830954,SEND,34,1,
1780661869.9882274,ACK,34,1,0.005131959915161133
1780661869.9924479,SEND,35,1,
1780661869.9938006,ACK,35,1,0.0013527870178222656
1780661869.9948997,SEND,36,1,
1780661869.9958873,ACK,36,1,0.0009875297546386719
1780661869.9965794,SEND,37,1,
1780661869.9973197,ACK,37,1,0.0007402896881103516
1780661869.9980297,SEND,38,1,
1780661869.9987152,ACK,38,1,0.0006854534149169922
1780661869.9993339,SEND,39,1,
1780661870.0006459,ACK,39,1,0.0013120174407958984
1780661870.0018344,SEND,40,1,
1780661870.0047843,ACK,40,1,0.002949953079223633
1780661870.0077653,SEND,41,1,
1780661870.008874,ACK,41,1,0.0011086463928222656
1780661870.0126352,SEND,42,1,
1780661870.0168002,ACK,42,1,0.004164934158325195
1780661870.018393,SEND,43,1,
1780661872.021129,TIMEOUT,43,1,
1780661872.0215018,SEND,43,2,
1780661872.0255857,ACK,43,2,0.004083871841430664
1780661872.029282,SEND,44,1,
1780661872.0305712,ACK,44,1,0.0012891292572021484
1780661872.0320003,SEND,45,1,
1780661874.0350616,TIMEOUT,45,1,
1780661874.035309,SEND,45,2,
1780661874.0379233,ACK,45,2,0.002614259719848633
1780661874.041385,SEND,46,1,
1780661876.0528827,TIMEOUT,46,1,
1780661876.0531602,SEND,46,2,
1780661876.0559237,ACK,46,2,0.002763509750366211
1780661876.0591483,SEND,47,1,
1780661876.0598278,ACK,47,1,0.0006794929504394531
1780661876.0604563,SEND,48,1,
1780661878.0718958,TIMEOUT,48,1,
1780661878.0723014,SEND,48,2,
1780661878.0762315,ACK,48,2,0.003930091857910156
1780661878.0793233,SEND,49,1,
1780661878.0803103,ACK,49,1,0.0009870529174804688
1780661878.0817301,SEND,50,1,
1780661878.082597,ACK,50,1,0.0008668899536132812
1780661878.0837202,SEND,51,1,
1780661878.0881026,ACK,51,1,0.00438237190246582
1780661878.0920255,SEND,52,1,
1780661878.0929997,ACK,52,1,0.0009741783142089844
1780661878.094188,SEND,53,1,
1780661878.094908,ACK,53,1,0.0007200241088867188
1780661878.095594,SEND,54,1,
1780661880.1025012,TIMEOUT,54,1,
1780661880.1027205,SEND,54,2,
1780661880.104673,ACK,54,2,0.0019524097442626953
1780661880.1081235,SEND,55,1,
1780661880.1086679,ACK,55,1,0.0005443096160888672
1780661880.1092758,SEND,56,1,
1780661880.1102655,ACK,56,1,0.000989675521850586
1780661880.111016,SEND,57,1,
1780661880.111632,ACK,57,1,0.0006160736083984375
1780661880.112188,SEND,58,1,
1780661880.1150637,ACK,58,1,0.0028755664825439453
1780661880.120508,SEND,59,1,
1780661880.1224554,ACK,59,1,0.0019474029541015625
1780661880.1235023,SEND,60,1,
1780661880.124951,ACK,60,1,0.0014486312866210938
1780661880.1257606,SEND,61,1,
1780661880.1265166,ACK,61,1,0.0007560253143310547
1780661880.129414,SEND,62,1,
1780661880.133026,ACK,62,1,0.0036118030548095703
1780661880.1334627,SEND,63,1,
1780661880.134698,ACK,63,1,0.0012352466583251953
1780661880.1363995,SEND,64,1,
1780661880.1405423,ACK,64,1,0.00414276123046875
1780661880.1415265,SEND,65,1,
1780661880.1421604,ACK,65,1,0.0006339550018310547
1780661880.1426528,SEND,66,1,
1780661880.1486433,ACK,66,1,0.005990505218505859
1780661880.1491446,SEND,67,1,
1780661880.1497564,ACK,67,1,0.0006117820739746094
1780661880.1506183,SEND,68,1,
1780661882.1513088,TIMEOUT,68,1,
1780661882.1518028,SEND,68,2,
1780661882.1557848,ACK,68,2,0.003982067108154297
1780661882.1595283,SEND,69,1,
1780661882.1609972,ACK,69,1,0.0014688968658447266
1780661882.1627116,SEND,70,1,
1780661882.1645212,ACK,70,1,0.0018095970153808594
1780661882.1658306,SEND,71,1,
1780661882.1744113,ACK,71,1,0.008580684661865234
1780661882.1753788,SEND,72,1,
1780661882.1762872,ACK,72,1,0.0009083747863769531
1780661882.1768398,SEND,73,1,
1780661882.1774626,ACK,73,1,0.0006227493286132812
1780661882.1779602,SEND,74,1,
1780661882.1788957,ACK,74,1,0.0009355545043945312
1780661882.179605,SEND,75,1,
1780661882.1801562,ACK,75,1,0.0005512237548828125
1780661882.1806335,SEND,76,1,
1780661882.1811166,ACK,76,1,0.0004830360412597656
1780661882.181582,SEND,77,1,
1780661882.1822762,ACK,77,1,0.00069427490234375
1780661882.1829247,SEND,78,1,
1780661882.1834416,ACK,78,1,0.0005168914794921875
1780661882.184478,SEND,79,1,
1780661882.186395,ACK,79,1,0.0019168853759765625
1780661882.190909,SEND,80,1,
1780661882.1944218,ACK,80,1,0.003512859344482422
1780661882.1972382,SEND,81,1,
1780661882.198005,ACK,81,1,0.000766754150390625
1780661882.1987038,SEND,82,1,
1780661882.1995327,ACK,82,1,0.0008289813995361328
1780661882.200451,SEND,83,1,
1780661882.2014394,ACK,83,1,0.0009884834289550781
1780661882.2024977,SEND,84,1,
1780661882.2047732,ACK,84,1,0.0022754669189453125
1780661882.2102604,SEND,85,1,
1780661882.2155466,ACK,85,1,0.005286216735839844
1780661882.2161674,SEND,86,1,
1780661882.2172055,ACK,86,1,0.0010380744934082031
1780661882.218531,SEND,87,1,
1780661882.2218707,ACK,87,1,0.0033397674560546875
1780661882.223486,SEND,88,1,
1780661882.224863,ACK,88,1,0.001377105712890625
1780661882.2256513,SEND,89,1,
1780661882.2278864,ACK,89,1,0.0022351741790771484
1780661882.2312477,SEND,90,1,
1780661884.236404,TIMEOUT,90,1,
1780661884.2367957,SEND,90,2,
1780661884.2404404,ACK,90,2,0.003644704818725586
1780661884.2438142,SEND,91,1,
1780661884.2450664,ACK,91,1,0.0012521743774414062
1780661884.2472708,SEND,92,1,
1780661884.2485642,ACK,92,1,0.0012934207916259766
1780661884.2500792,SEND,93,1,
1780661884.2587285,ACK,93,1,0.008649349212646484
1780661884.2592707,SEND,94,1,
1780661884.2603116,ACK,94,1,0.0010409355163574219
1780661884.2610204,SEND,95,1,
1780661884.2615507,ACK,95,1,0.000530242919921875
1780661884.2621317,SEND,96,1,
1780661884.262966,ACK,96,1,0.0008342266082763672
1780661884.2636142,SEND,97,1,
1780661884.2643526,ACK,97,1,0.0007383823394775391
1780661884.2648938,SEND,98,1,
1780661884.2655115,ACK,98,1,0.0006177425384521484
1780661884.2661128,SEND,99,1,
1780661884.2778823,ACK,99,1,0.011769533157348633
1780661884.2786977,SEND,100,1,
1780661884.2796626,ACK,100,1,0.0009648799896240234
1780661884.28024,SEND,101,1,
1780661884.280761,ACK,101,1,0.0005209445953369141
1780661884.2812748,SEND,102,1,
1780661884.2817311,ACK,102,1,0.0004563331604003906
1780661884.2821555,SEND,103,1,
1780661884.282669,ACK,103,1,0.0005135536193847656
1780661884.2830656,SEND,104,1,
1780661884.2834854,ACK,104,1,0.00041985511779785156
1780661884.283617,SEND,105,1,
1780661884.2844667,ACK,105,1,0.0008497238159179688
1780661884.2855387,SEND,106,1,
1780661884.2870429,ACK,106,1,0.0015041828155517578
1780661884.290504,SEND,107,1,
1780661884.2946713,ACK,107,1,0.004167318344116211
1780661884.297113,SEND,108,1,
1780661884.3008287,ACK,108,1,0.0037157535552978516
1780661884.3014758,SEND,109,1,
1780661884.3036015,ACK,109,1,0.0021257400512695312
1780661884.3078647,SEND,110,1,
1780661884.3087873,ACK,110,1,0.0009226799011230469
1780661884.3093836,SEND,111,1,
1780661886.3182817,TIMEOUT,111,1,
1780661886.3186898,SEND,111,2,
1780661886.3212163,ACK,111,2,0.002526521682739258
1780661886.3247461,SEND,112,1,
1780661886.3253891,ACK,112,1,0.0006430149078369141
1780661886.3260825,SEND,113,1,
1780661886.3270214,ACK,113,1,0.0009388923645019531
1780661886.327574,SEND,114,1,
1780661886.328406,ACK,114,1,0.0008320808410644531
1780661886.3289979,SEND,115,1,
1780661886.3332777,ACK,115,1,0.0042798519134521484
1780661886.3384328,SEND,116,1,
1780661886.3411639,ACK,116,1,0.0027310848236083984
1780661886.3420892,SEND,117,1,
1780661886.343023,ACK,117,1,0.0009338855743408203
1780661886.3437138,SEND,118,1,
1780661886.3445873,ACK,118,1,0.000873565673828125
1780661886.345345,SEND,119,1,
1780661886.3502846,ACK,119,1,0.004939556121826172
1780661886.3545847,SEND,120,1,
1780661886.35637,ACK,120,1,0.0017852783203125
1780661886.3615468,SEND,121,1,
1780661886.3693132,ACK,121,1,0.0077664852142333984
1780661886.370073,SEND,122,1,
1780661886.3751688,ACK,122,1,0.005095720291137695
1780661886.3760078,SEND,123,1,
1780661886.3827193,ACK,123,1,0.006711483001708984
1780661886.3832674,SEND,124,1,
1780661886.3843346,ACK,124,1,0.0010671615600585938
1780661886.385484,SEND,125,1,
1780661886.3905241,ACK,125,1,0.005040168762207031
1780661886.391409,SEND,126,1,
1780661886.3986962,ACK,126,1,0.007287263870239258
1780661886.3991694,SEND,127,1,
1780661886.3998597,ACK,127,1,0.0006902217864990234
1780661886.4004622,SEND,128,1,
1780661886.4014316,ACK,128,1,0.0009694099426269531
1780661886.403865,SEND,129,1,
1780661888.4073372,TIMEOUT,129,1,
1780661888.4079304,SEND,129,2,
1780661888.4094644,ACK,129,2,0.0015339851379394531
1780661888.411066,SEND,130,1,
1780661888.412351,ACK,130,1,0.0012848377227783203
1780661888.4139886,SEND,131,1,
1780661888.4154804,ACK,131,1,0.0014917850494384766
1780661888.4172924,SEND,132,1,
1780661888.4191554,ACK,132,1,0.0018630027770996094
1780661888.4208841,SEND,133,1,
1780661888.422182,ACK,133,1,0.0012979507446289062
1780661888.4270382,SEND,134,1,
1780661888.4303603,ACK,134,1,0.003322124481201172
1780661888.4314365,SEND,135,1,
1780661888.432282,ACK,135,1,0.0008454322814941406
1780661888.4330406,SEND,136,1,
1780661890.4367673,TIMEOUT,136,1,
1780661890.436948,SEND,136,2,
1780661892.4529672,TIMEOUT,136,2,
1780661892.453303,SEND,136,3,
1780661892.4568057,ACK,136,3,0.0035026073455810547
1780661892.4601455,SEND,137,1,
1780661892.4612343,ACK,137,1,0.001088857650756836
1780661892.4624336,SEND,138,1,
1780661892.4642005,ACK,138,1,0.0017669200897216797
1780661892.465631,SEND,139,1,
1780661892.4747593,ACK,139,1,0.009128332138061523
1780661892.47609,SEND,140,1,
1780661892.477221,ACK,140,1,0.0011310577392578125
1780661892.4782035,SEND,141,1,
1780661894.4854908,TIMEOUT,141,1,
1780661894.4857497,SEND,141,2,
1780661894.4874852,ACK,141,2,0.0017354488372802734
1780661894.487846,SEND,142,1,
1780661894.4912567,ACK,142,1,0.003410816192626953
1780661894.491642,SEND,143,1,
1780661894.4922025,ACK,143,1,0.0005605220794677734
1780661894.4926803,SEND,144,1,
1780661894.4934807,ACK,144,1,0.0008003711700439453
1780661894.4940898,SEND,145,1,
1780661894.494749,ACK,145,1,0.0006592273712158203
1780661894.4952223,SEND,146,1,
1780661894.4999337,ACK,146,1,0.0047113895416259766
1780661894.504297,SEND,147,1,
1780661894.5068412,ACK,147,1,0.0025441646575927734
1780661894.5076165,SEND,148,1,
1780661896.5082922,TIMEOUT,148,1,
1780661896.5087967,SEND,148,2,
1780661896.5129526,ACK,148,2,0.004155874252319336
1780661896.5165803,SEND,149,1,
1780661896.5187767,ACK,149,1,0.0021963119506835938
1780661896.5210629,SEND,150,1,
1780661896.522646,ACK,150,1,0.001583099365234375
1780661896.5238838,SEND,151,1,
1780661896.5275633,ACK,151,1,0.003679513931274414
1780661896.531997,SEND,152,1,
1780661896.532968,ACK,152,1,0.0009710788726806641
1780661896.5344617,SEND,153,1,
1780661898.5391512,TIMEOUT,153,1,
1780661898.5395224,SEND,153,2,
1780661898.5437326,ACK,153,2,0.004210233688354492
1780661898.5458229,SEND,154,1,
1780661898.5465567,ACK,154,1,0.0007338523864746094
1780661898.547225,SEND,155,1,
1780661898.5480928,ACK,155,1,0.0008678436279296875
1780661898.5487597,SEND,156,1,
1780661898.5494878,ACK,156,1,0.0007281303405761719
1780661898.5502696,SEND,157,1,
1780661898.555152,ACK,157,1,0.004882335662841797
1780661898.5595765,SEND,158,1,
1780661898.560169,ACK,158,1,0.0005924701690673828
1780661898.5606227,SEND,159,1,
1780661898.5612845,ACK,159,1,0.0006618499755859375
1780661898.561931,SEND,160,1,
1780661898.56288,ACK,160,1,0.0009491443634033203
1780661898.5634825,SEND,161,1,
1780661898.5640821,ACK,161,1,0.0005996227264404297
1780661898.5644631,SEND,162,1,
1780661898.5649874,ACK,162,1,0.0005242824554443359
1780661898.5653884,SEND,163,1,
1780661898.5756176,ACK,163,1,0.010229110717773438
1780661898.5766878,SEND,164,1,
1780661898.577505,ACK,164,1,0.0008172988891601562
1780661898.5780582,SEND,165,1,
1780661898.5790496,ACK,165,1,0.0009913444519042969
1780661898.579548,SEND,166,1,
1780661898.5801415,ACK,166,1,0.0005936622619628906
1780661898.580524,SEND,167,1,
1780661898.581059,ACK,167,1,0.0005350112915039062
1780661898.581454,SEND,168,1,
1780661898.581941,ACK,168,1,0.0004868507385253906
1780661898.5823245,SEND,169,1,
1780661898.5828109,ACK,169,1,0.0004863739013671875
1780661898.5831723,SEND,170,1,
1780661900.5890048,TIMEOUT,170,1,
1780661900.5892677,SEND,170,2,
1780661900.5912488,ACK,170,2,0.001981019973754883
1780661900.5940363,SEND,171,1,
1780661900.5946803,ACK,171,1,0.0006439685821533203
1780661900.5954134,SEND,172,1,
1780661900.596227,ACK,172,1,0.0008134841918945312
1780661900.597047,SEND,173,1,
1780661902.600846,TIMEOUT,173,1,
1780661902.6012635,SEND,173,2,
1780661902.6051211,ACK,173,2,0.0038576126098632812
1780661902.6077397,SEND,174,1,
1780661904.621815,TIMEOUT,174,1,
1780661904.622248,SEND,174,2,
1780661904.627292,ACK,174,2,0.005043983459472656
1780661904.6306484,SEND,175,1,
1780661904.6319466,ACK,175,1,0.0012981891632080078
1780661904.6335561,SEND,176,1,
1780661904.6353176,ACK,176,1,0.0017614364624023438
1780661904.636417,SEND,177,1,
1780661904.6374545,ACK,177,1,0.00103759765625
1780661904.638845,SEND,178,1,
1780661904.6399446,ACK,178,1,0.0010995864868164062
1780661904.6408844,SEND,179,1,
1780661904.6415956,ACK,179,1,0.0007112026214599609
1780661904.6424067,SEND,180,1,
1780661904.6478279,ACK,180,1,0.005421161651611328
1780661904.651257,SEND,181,1,
1780661904.6524441,ACK,181,1,0.0011870861053466797
1780661904.653312,SEND,182,1,
1780661904.6584418,ACK,182,1,0.005129814147949219
1780661904.6593366,SEND,183,1,
1780661904.6638994,ACK,183,1,0.004562854766845703
1780661904.6676476,SEND,184,1,
1780661904.6687524,ACK,184,1,0.0011048316955566406
1780661904.6689131,SEND,185,1,
1780661904.671825,ACK,185,1,0.002911806106567383
1780661904.6732605,SEND,186,1,
1780661906.6843128,TIMEOUT,186,1,
1780661906.6846392,SEND,186,2,
1780661906.6876318,ACK,186,2,0.0029926300048828125
1780661906.691206,SEND,187,1,
1780661906.692256,ACK,187,1,0.0010499954223632812
1780661906.6936445,SEND,188,1,
1780661906.6950564,ACK,188,1,0.0014119148254394531
1780661906.7018023,SEND,189,1,
1780661906.7036607,ACK,189,1,0.0018584728240966797
1780661906.7055092,SEND,190,1,
1780661906.7065885,ACK,190,1,0.0010793209075927734
1780661906.7075312,SEND,191,1,
1780661906.708594,ACK,191,1,0.0010628700256347656
1780661906.7104466,SEND,192,1,
1780661906.7152157,ACK,192,1,0.004769086837768555
1780661906.7157998,SEND,193,1,
1780661906.7171204,ACK,193,1,0.0013206005096435547
1780661906.7179542,SEND,194,1,
1780661908.7209728,TIMEOUT,194,1,
1780661908.721626,SEND,194,2,
1780661908.7252564,ACK,194,2,0.003630399703979492
1780661908.7285311,SEND,195,1,
1780661908.729627,ACK,195,1,0.0010957717895507812
1780661908.7302191,SEND,196,1,
1780661908.7308865,ACK,196,1,0.0006673336029052734
1780661908.7314494,SEND,197,1,
1780661908.7323146,ACK,197,1,0.0008652210235595703
1780661908.733052,SEND,198,1,
1780661908.739146,ACK,198,1,0.0060939788818359375
1780661908.7422714,SEND,199,1,
1780661908.7428887,ACK,199,1,0.0006172657012939453
1780661908.7434168,SEND,200,1,
1780661908.7440073,ACK,200,1,0.0005905628204345703
1780661908.7446203,SEND,201,1,
1780661908.7452226,ACK,201,1,0.0006022453308105469
1780661908.7457478,SEND,202,1,
1780661910.7472196,TIMEOUT,202,1,
1780661910.747585,SEND,202,2,
1780661910.7520041,ACK,202,2,0.004419088363647461
1780661910.7562444,SEND,203,1,
1780661910.7571845,ACK,203,1,0.0009400844573974609
1780661910.7582238,SEND,204,1,
1780661910.7613583,ACK,204,1,0.003134489059448242
1780661910.7645252,SEND,205,1,
1780661910.765528,ACK,205,1,0.0010027885437011719
1780661910.7663512,SEND,206,1,
1780661912.7676065,TIMEOUT,206,1,
1780661912.7683246,SEND,206,2,
1780661912.7731562,ACK,206,2,0.004831552505493164
1780661912.7759006,SEND,207,1,
1780661912.7771955,ACK,207,1,0.001294851303100586
1780661912.77877,SEND,208,1,
1780661912.7804267,ACK,208,1,0.0016567707061767578
1780661912.7816124,SEND,209,1,
1780661912.7826102,ACK,209,1,0.000997781753540039
1780661912.783854,SEND,210,1,
1780661912.7929344,ACK,210,1,0.00908041000366211
1780661912.7935274,SEND,211,1,
1780661912.7942488,ACK,211,1,0.0007214546203613281
1780661912.7949443,SEND,212,1,
1780661912.7959826,ACK,212,1,0.0010383129119873047
1780661912.796662,SEND,213,1,
1780661912.7989442,ACK,213,1,0.0022821426391601562
1780661912.80447,SEND,214,1,
1780661914.8207574,TIMEOUT,214,1,
1780661914.8214638,SEND,214,2,
1780661914.8277218,ACK,214,2,0.0062580108642578125
1780661914.8290052,SEND,215,1,
1780661914.8299694,ACK,215,1,0.0009641647338867188
1780661914.8305988,SEND,216,1,
1780661914.831371,ACK,216,1,0.0007722377777099609
1780661914.8318956,SEND,217,1,
1780661914.8437963,ACK,217,1,0.011900663375854492
1780661914.8447418,SEND,218,1,
1780661914.8455245,ACK,218,1,0.0007827281951904297
1780661914.846377,SEND,219,1,
1780661914.8477068,ACK,219,1,0.0013298988342285156
1780661914.8512092,SEND,220,1,
1780661914.854802,ACK,220,1,0.0035927295684814453
1780661914.8582463,SEND,221,1,
1780661916.8721812,TIMEOUT,221,1,
1780661916.8726766,SEND,221,2,
1780661916.880651,ACK,221,2,0.007974386215209961
1780661916.8823597,SEND,222,1,
1780661916.8835423,ACK,222,1,0.00118255615234375
1780661916.884811,SEND,223,1,
1780661916.8867075,ACK,223,1,0.0018966197967529297
1780661916.891092,SEND,224,1,
1780661916.8955379,ACK,224,1,0.004445791244506836
1780661916.8988469,SEND,225,1,
1780661916.8996675,ACK,225,1,0.0008206367492675781
1780661916.9007826,SEND,226,1,
1780661916.90251,ACK,226,1,0.0017273426055908203
1780661916.9057221,SEND,227,1,
1780661916.906503,ACK,227,1,0.0007808208465576172
1780661916.9071732,SEND,228,1,
1780661916.9113824,ACK,228,1,0.004209280014038086
1780661916.915887,SEND,229,1,
1780661916.9167836,ACK,229,1,0.000896453857421875
1780661916.9174335,SEND,230,1,
1780661916.9186308,ACK,230,1,0.0011973381042480469
1780661916.920408,SEND,231,1,
1780661916.9286559,ACK,231,1,0.008247852325439453
1780661916.932016,SEND,232,1,
1780661916.9326797,ACK,232,1,0.00066375732421875
1780661916.9334202,SEND,233,1,
1780661916.9343622,ACK,233,1,0.0009419918060302734
1780661916.9367487,SEND,234,1,
1780661916.939498,ACK,234,1,0.002749204635620117
1780661916.9405541,SEND,235,1,
1780661916.9441903,ACK,235,1,0.0036361217498779297
1780661916.9472284,SEND,236,1,
1780661918.952826,TIMEOUT,236,1,
1780661918.9530354,SEND,236,2,
1780661920.9540205,TIMEOUT,236,2,
1780661920.9541647,SEND,236,3,
1780661922.971333,TIMEOUT,236,3,
1780661922.9717815,SEND,236,4,
1780661922.9764001,ACK,236,4,0.004618644714355469
1780661922.9796603,SEND,237,1,
1780661922.9813898,ACK,237,1,0.0017294883728027344
1780661922.982465,SEND,238,1,
1780661922.9876297,ACK,238,1,0.005164623260498047
1780661922.992272,SEND,239,1,
1780661922.9933946,ACK,239,1,0.0011227130889892578
1780661922.9943657,SEND,240,1,
1780661922.9951196,ACK,240,1,0.0007538795471191406
1780661922.9958699,SEND,241,1,
1780661922.996997,ACK,241,1,0.0011272430419921875
1780661922.9976919,SEND,242,1,
1780661922.9984462,ACK,242,1,0.0007543563842773438
1780661922.9990883,SEND,243,1,
1780661923.00906,ACK,243,1,0.00997161865234375
1780661923.012181,SEND,244,1,
1780661923.0128644,ACK,244,1,0.0006833076477050781
1780661923.0134184,SEND,245,1,
1780661923.0140448,ACK,245,1,0.0006263256072998047
1780661923.014554,SEND,246,1,
1780661923.0150034,ACK,246,1,0.0004494190216064453
1780661923.0155118,SEND,247,1,
1780661923.016035,ACK,247,1,0.0005233287811279297
1780661923.0165894,SEND,248,1,
1780661923.0177,ACK,248,1,0.0011105537414550781
1780661923.0186574,SEND,249,1,
1780661923.0207717,ACK,249,1,0.0021142959594726562
1780661923.023804,SEND,250,1,
1780661923.0295706,ACK,250,1,0.005766630172729492
1780661923.0326211,SEND,251,1,
1780661925.0390818,TIMEOUT,251,1,
1780661925.0394797,SEND,251,2,
1780661925.0438535,ACK,251,2,0.004373788833618164
1780661925.0479105,SEND,252,1,
1780661925.052942,ACK,252,1,0.005031585693359375
1780661925.056292,SEND,253,1,
1780661927.0712438,TIMEOUT,253,1,
1780661927.0716777,SEND,253,2,
1780661927.0802913,ACK,253,2,0.00861358642578125
1780661927.085416,SEND,254,1,
1780661927.0869632,ACK,254,1,0.001547098159790039
1780661927.088689,SEND,255,1,
1780661927.090066,ACK,255,1,0.0013768672943115234
1780661927.0912704,SEND,256,1,
1780661927.092316,ACK,256,1,0.0010454654693603516
1780661927.0933757,SEND,257,1,
1780661927.0945368,ACK,257,1,0.0011610984802246094
1780661927.09555,SEND,258,1,
1780661927.0964088,ACK,258,1,0.0008587837219238281
1780661927.1035507,SEND,259,1,
1780661927.10532,ACK,259,1,0.0017693042755126953
1780661927.1067357,SEND,260,1,
1780661927.1076634,ACK,260,1,0.0009276866912841797
1780661927.1084516,SEND,261,1,
1780661927.1115913,ACK,261,1,0.0031397342681884766
1780661927.11471,SEND,262,1,
1780661927.1154118,ACK,262,1,0.0007016658782958984
1780661927.1160202,SEND,263,1,
1780661927.1174784,ACK,263,1,0.0014581680297851562
1780661927.1188865,SEND,264,1,
1780661927.1234715,ACK,264,1,0.0045850276947021484
1780661927.1270258,SEND,265,1,
1780661927.130343,ACK,265,1,0.003317117691040039
1780661927.1307902,SEND,266,1,
1780661927.1316595,ACK,266,1,0.0008692741394042969
1780661927.132127,SEND,267,1,
1780661927.1326542,ACK,267,1,0.0005271434783935547
1780661927.1332145,SEND,268,1,
1780661929.1343837,TIMEOUT,268,1,
1780661929.1347444,SEND,268,2,
1780661929.1390014,ACK,268,2,0.0042569637298583984
1780661929.1431777,SEND,269,1,
1780661929.145258,ACK,269,1,0.002080202102661133
1780661929.1465452,SEND,270,1,
1780661931.157313,TIMEOUT,270,1,
1780661931.1577759,SEND,270,2,
1780661931.1621783,ACK,270,2,0.0044023990631103516
1780661931.165871,SEND,271,1,
1780661933.1703727,TIMEOUT,271,1,
1780661933.1708229,SEND,271,2,
1780661933.1749847,ACK,271,2,0.004161834716796875
1780661933.178235,SEND,272,1,
1780661933.17935,ACK,272,1,0.0011148452758789062
1780661933.1804302,SEND,273,1,
1780661933.1824286,ACK,273,1,0.001998424530029297
1780661933.1836848,SEND,274,1,
1780661935.2046928,TIMEOUT,274,1,
1780661935.2050755,SEND,274,2,
1780661935.209038,ACK,274,2,0.003962516784667969
1780661935.2123458,SEND,275,1,
1780661937.2202156,TIMEOUT,275,1,
1780661937.220665,SEND,275,2,
1780661937.2251005,ACK,275,2,0.004435539245605469
1780661937.2283506,SEND,276,1,
1780661937.229474,ACK,276,1,0.0011234283447265625
1780661937.2311275,SEND,277,1,
1780661937.2320428,ACK,277,1,0.0009152889251708984
1780661937.2381306,SEND,278,1,
1780661937.2421281,ACK,278,1,0.0039975643157958984
1780661937.2426188,SEND,279,1,
1780661937.2433314,ACK,279,1,0.0007126331329345703
1780661937.243862,SEND,280,1,
1780661939.2513244,TIMEOUT,280,1,
1780661939.2515442,SEND,280,2,
1780661939.2543511,ACK,280,2,0.0028069019317626953
1780661939.2575905,SEND,281,1,
1780661939.2583816,ACK,281,1,0.0007910728454589844
1780661939.2592435,SEND,282,1,
1780661939.2604063,ACK,282,1,0.0011627674102783203
1780661939.2612736,SEND,283,1,
1780661939.2646348,ACK,283,1,0.003361225128173828
1780661939.2693937,SEND,284,1,
1780661939.2711663,ACK,284,1,0.0017726421356201172
1780661939.272031,SEND,285,1,
1780661939.2730172,ACK,285,1,0.0009860992431640625
1780661939.273818,SEND,286,1,
1780661939.2747006,ACK,286,1,0.0008826255798339844
1780661939.2754726,SEND,287,1,
1780661939.2796206,ACK,287,1,0.004148006439208984
1780661939.28243,SEND,288,1,
1780661939.283455,ACK,288,1,0.0010249614715576172
1780661939.2842586,SEND,289,1,
1780661941.2877414,TIMEOUT,289,1,
1780661941.288196,SEND,289,2,
1780661941.2920551,ACK,289,2,0.0038590431213378906
1780661941.2955549,SEND,290,1,
1780661941.2968807,ACK,290,1,0.001325845718383789
1780661941.2979922,SEND,291,1,
1780661943.30042,TIMEOUT,291,1,
1780661943.3009496,SEND,291,2,
1780661943.3052168,ACK,291,2,0.004267215728759766
1780661943.3089943,SEND,292,1,
1780661945.32225,TIMEOUT,292,1,
1780661945.3226554,SEND,292,2,
1780661945.3266814,ACK,292,2,0.004025936126708984
1780661945.3302324,SEND,293,1,
1780661945.331657,ACK,293,1,0.001424551010131836
1780661945.3338776,SEND,294,1,
1780661945.336044,ACK,294,1,0.0021665096282958984
1780661945.33716,SEND,295,1,
1780661945.3421524,ACK,295,1,0.004992246627807617
1780661945.3452792,SEND,296,1,
1780661945.3460343,ACK,296,1,0.0007550716400146484
1780661945.3468366,SEND,297,1,
1780661947.3534591,TIMEOUT,297,1,
1780661947.3539114,SEND,297,2,
1780661947.3587217,ACK,297,2,0.004810333251953125
1780661947.362103,SEND,298,1,
1780661947.3627753,ACK,298,1,0.0006723403930664062
1780661947.3632965,SEND,299,1,
1780661947.364059,ACK,299,1,0.0007624626159667969
1780661947.3645883,SEND,300,1,
1780661947.3653054,ACK,300,1,0.0007171630859375
1780661947.365861,SEND,301,1,
1780661947.374911,ACK,301,1,0.009050130844116211
1780661947.3753693,SEND,302,1,
1780661947.3763623,ACK,302,1,0.0009930133819580078
1780661947.3769023,SEND,303,1,
1780661947.377725,ACK,303,1,0.0008225440979003906
1780661947.3784182,SEND,304,1,
1780661947.3791482,ACK,304,1,0.0007300376892089844
1780661947.3796217,SEND,305,1,
1780661947.3801067,ACK,305,1,0.0004849433898925781
1780661947.3806114,SEND,306,1,
1780661947.381042,ACK,306,1,0.0004305839538574219
1780661947.3816204,SEND,307,1,
1780661947.3916686,ACK,307,1,0.010048151016235352
1780661947.3934445,SEND,308,1,
1780661947.3949003,ACK,308,1,0.0014557838439941406
1780661947.3955245,SEND,309,1,
1780661947.396136,ACK,309,1,0.0006115436553955078
1780661947.3966646,SEND,310,1,
1780661947.39722,ACK,310,1,0.0005552768707275391
1780661947.3977253,SEND,311,1,
1780661947.3982055,ACK,311,1,0.0004801750183105469
1780661947.398583,SEND,312,1,
1780661947.3991442,ACK,312,1,0.0005612373352050781
1780661947.4003782,SEND,313,1,
1780661947.4020858,ACK,313,1,0.0017075538635253906
1780661947.4051232,SEND,314,1,
1780661947.4088206,ACK,314,1,0.0036973953247070312
1780661947.4123974,SEND,315,1,
1780661947.4158254,ACK,315,1,0.0034279823303222656
1780661947.4173539,SEND,316,1,
1780661947.4206383,ACK,316,1,0.003284454345703125
1780661947.422844,SEND,317,1,
1780661947.423897,ACK,317,1,0.0010530948638916016
1780661947.4247508,SEND,318,1,
1780661947.430029,ACK,318,1,0.005278110504150391
1780661947.4304433,SEND,319,1,
1780661947.431109,ACK,319,1,0.0006656646728515625
1780661947.431623,SEND,320,1,
1780661947.4322271,ACK,320,1,0.0006041526794433594
1780661947.432895,SEND,321,1,
1780661947.4339087,ACK,321,1,0.0010137557983398438
1780661947.4366715,SEND,322,1,
1780661947.4398515,ACK,322,1,0.0031800270080566406
1780661947.4406314,SEND,323,1,
1780661947.44368,ACK,323,1,0.0030486583709716797
1780661947.446739,SEND,324,1,
1780661947.44748,ACK,324,1,0.0007410049438476562
1780661947.4480374,SEND,325,1,
1780661947.448846,ACK,325,1,0.0008087158203125
1780661947.4496412,SEND,326,1,
1780661947.4510927,ACK,326,1,0.0014514923095703125
1780661947.4547257,SEND,327,1,
1780661947.456462,ACK,327,1,0.0017361640930175781
1780661947.4593034,SEND,328,1,
1780661947.4630826,ACK,328,1,0.003779172897338867
1780661947.4636202,SEND,329,1,
1780661949.467829,TIMEOUT,329,1,
1780661949.468092,SEND,329,2,
1780661951.4843655,TIMEOUT,329,2,
1780661951.4846094,SEND,329,3,
1780661951.4872928,ACK,329,3,0.002683401107788086
1780661951.4905353,SEND,330,1,
1780661953.505371,TIMEOUT,330,1,
1780661953.5057728,SEND,330,2,
1780661953.5064592,ACK,330,2,0.0006864070892333984
1780661953.5075223,SEND,331,1,
1780661953.5080953,ACK,331,1,0.0005729198455810547
1780661953.5086937,SEND,332,1,
1780661953.5092263,ACK,332,1,0.0005326271057128906
1780661953.509726,SEND,333,1,
1780661953.5102475,ACK,333,1,0.0005214214324951172
1780661953.5107412,SEND,334,1,
1780661953.5113041,ACK,334,1,0.0005629062652587891
1780661953.5117671,SEND,335,1,
1780661953.5123339,ACK,335,1,0.0005667209625244141
1780661953.5126808,SEND,336,1,
1780661953.513411,ACK,336,1,0.0007302761077880859
1780661953.5140965,SEND,337,1,
1780661953.514877,ACK,337,1,0.0007805824279785156
1780661953.5224915,SEND,338,1,
1780661953.5233326,ACK,338,1,0.0008411407470703125
1780661953.5243194,SEND,339,1,
1780661955.5335982,TIMEOUT,339,1,
1780661955.5340693,SEND,339,2,
1780661955.5381656,ACK,339,2,0.004096269607543945
1780661955.5419033,SEND,340,1,
1780661955.5436683,ACK,340,1,0.0017650127410888672
1780661955.5454812,SEND,341,1,
1780661955.5547154,ACK,341,1,0.009234189987182617
1780661955.5563977,SEND,342,1,
1780661955.557309,ACK,342,1,0.0009112358093261719
1780661955.5582366,SEND,343,1,
1780661955.5593042,ACK,343,1,0.0010676383972167969
1780661955.5603154,SEND,344,1,
1780661955.5612016,ACK,344,1,0.0008862018585205078
1780661955.5622218,SEND,345,1,
1780661955.5631132,ACK,345,1,0.0008914470672607422
1780661955.563858,SEND,346,1,
1780661955.5647101,ACK,346,1,0.0008521080017089844
1780661955.565392,SEND,347,1,
1780661955.5745006,ACK,347,1,0.009108543395996094
1780661955.578482,SEND,348,1,
1780661955.5792017,ACK,348,1,0.0007197856903076172
1780661955.579699,SEND,349,1,
1780661955.5802703,ACK,349,1,0.0005712509155273438
1780661955.5807517,SEND,350,1,
1780661955.5812938,ACK,350,1,0.0005421638488769531
1780661955.5817912,SEND,351,1,
1780661955.582279,ACK,351,1,0.0004878044128417969
1780661955.5828555,SEND,352,1,
1780661955.5839353,ACK,352,1,0.0010797977447509766
1780661955.5853717,SEND,353,1,
1780661955.592252,ACK,353,1,0.006880283355712891
1780661955.5974865,SEND,354,1,
1780661955.598271,ACK,354,1,0.0007843971252441406
1780661955.5988748,SEND,355,1,
1780661955.6002545,ACK,355,1,0.0013797283172607422
1780661955.6012194,SEND,356,1,
1780661955.6062186,ACK,356,1,0.0049991607666015625
1780661955.6069698,SEND,357,1,
1780661955.6101062,ACK,357,1,0.0031363964080810547
1780661955.6132603,SEND,358,1,
1780661955.614002,ACK,358,1,0.0007417201995849609
1780661955.6144588,SEND,359,1,
1780661955.615283,ACK,359,1,0.0008242130279541016
1780661955.6160283,SEND,360,1,
1780661955.6171598,ACK,360,1,0.0011315345764160156
1780661955.6186984,SEND,361,1,
1780661955.6233718,ACK,361,1,0.004673480987548828
1780661955.6241632,SEND,362,1,
1780661955.6270733,ACK,362,1,0.002910137176513672
1780661955.6304636,SEND,363,1,
1780661955.6312907,ACK,363,1,0.0008270740509033203
1780661955.6319656,SEND,364,1,
1780661955.633164,ACK,364,1,0.0011982917785644531
1780661955.6342049,SEND,365,1,
1780661957.6381924,TIMEOUT,365,1,
1780661957.6386,SEND,365,2,
1780661957.6421862,ACK,365,2,0.0035860538482666016
1780661957.645656,SEND,366,1,
1780661957.6469827,ACK,366,1,0.0013265609741210938
1780661957.6483555,SEND,367,1,
1780661957.6508183,ACK,367,1,0.0024628639221191406
1780661957.6526754,SEND,368,1,
1780661957.6578908,ACK,368,1,0.00521540641784668
1780661957.6609669,SEND,369,1,
1780661957.6618268,ACK,369,1,0.0008599758148193359
1780661957.6623645,SEND,370,1,
1780661959.6716316,TIMEOUT,370,1,
1780661959.67204,SEND,370,2,
1780661961.6851933,TIMEOUT,370,2,
1780661961.6854966,SEND,370,3,
1780661961.6882813,ACK,370,3,0.00278472900390625
1780661961.691769,SEND,371,1,
1780661961.6928248,ACK,371,1,0.0010559558868408203
1780661961.6940494,SEND,372,1,
1780661961.695588,ACK,372,1,0.0015387535095214844
1780661961.6968768,SEND,373,1,
1780661961.705754,ACK,373,1,0.008877277374267578
1780661961.7066963,SEND,374,1,
1780661961.7077641,ACK,374,1,0.0010678768157958984
1780661961.7086668,SEND,375,1,
1780661961.7097692,ACK,375,1,0.001102447509765625
1780661961.7107072,SEND,376,1,
1780661961.7118282,ACK,376,1,0.0011210441589355469
1780661961.7125516,SEND,377,1,
1780661961.7132928,ACK,377,1,0.0007412433624267578
1780661961.7140398,SEND,378,1,
1780661961.7213726,ACK,378,1,0.007332801818847656
1780661961.7236178,SEND,379,1,
1780661961.7266018,ACK,379,1,0.0029840469360351562
1780661961.7276301,SEND,380,1,
1780661961.728584,ACK,380,1,0.0009539127349853516
1780661961.7290635,SEND,381,1,
1780661961.7297215,ACK,381,1,0.0006580352783203125
1780661961.730166,SEND,382,1,
1780661961.7306705,ACK,382,1,0.0005044937133789062
1780661961.7311466,SEND,383,1,
1780661961.731705,ACK,383,1,0.0005583763122558594
1780661961.7321806,SEND,384,1,
1780661961.7329626,ACK,384,1,0.000782012939453125
1780661961.742363,SEND,385,1,
1780661961.7458682,ACK,385,1,0.003505229949951172
1780661961.7464166,SEND,386,1,
1780661961.7471383,ACK,386,1,0.0007216930389404297
1780661961.7476015,SEND,387,1,
1780661961.7481306,ACK,387,1,0.0005290508270263672
1780661961.7485938,SEND,388,1,
1780661961.7490742,ACK,388,1,0.00048041343688964844
1780661961.749966,SEND,389,1,
1780661961.7509742,ACK,389,1,0.0010082721710205078
1780661961.7539096,SEND,390,1,
1780661963.7674375,TIMEOUT,390,1,
1780661963.7676613,SEND,390,2,
1780661963.7699041,ACK,390,2,0.0022428035736083984
1780661963.7730765,SEND,391,1,
1780661963.7738101,ACK,391,1,0.0007336139678955078
1780661963.7745469,SEND,392,1,
1780661963.7754233,ACK,392,1,0.0008764266967773438
1780661963.7762403,SEND,393,1,
1780661963.7772179,ACK,393,1,0.0009775161743164062
1780661963.7781036,SEND,394,1,
1780661963.7850935,ACK,394,1,0.006989955902099609
1780661963.787166,SEND,395,1,
1780661963.7889435,ACK,395,1,0.0017774105072021484
1780661963.789624,SEND,396,1,
1780661963.790465,ACK,396,1,0.0008411407470703125
1780661963.7909164,SEND,397,1,
1780661963.791583,ACK,397,1,0.0006666183471679688
1780661963.7921336,SEND,398,1,
1780661963.7930274,ACK,398,1,0.0008938312530517578
1780661963.794028,SEND,399,1,
1780661963.8016238,ACK,399,1,0.00759577751159668
1780661963.8023486,SEND,400,1,
1780661963.808347,ACK,400,1,0.005998373031616211
1780661963.8112488,SEND,401,1,
1780661963.8150158,ACK,401,1,0.0037670135498046875
1780661963.815527,SEND,402,1,
1780661963.8164673,ACK,402,1,0.0009403228759765625
1780661963.8172336,SEND,403,1,
1780661963.8219514,ACK,403,1,0.004717826843261719
1780661963.8227365,SEND,404,1,
1780661963.8265939,ACK,404,1,0.0038573741912841797
1780661963.8295758,SEND,405,1,
1780661963.8303375,ACK,405,1,0.0007617473602294922
1780661963.83088,SEND,406,1,
1780661963.831756,ACK,406,1,0.0008761882781982422
1780661963.832354,SEND,407,1,
1780661963.8334527,ACK,407,1,0.0010986328125
1780661963.834444,SEND,408,1,
1780661963.8387563,ACK,408,1,0.004312276840209961
1780661963.8396223,SEND,409,1,
1780661963.8406725,ACK,409,1,0.0010502338409423828
1780661963.841745,SEND,410,1,
1780661963.842338,ACK,410,1,0.0005931854248046875
1780661963.8427844,SEND,411,1,
1780661963.8433444,ACK,411,1,0.0005600452423095703
1780661963.84376,SEND,412,1,
1780661963.8442924,ACK,412,1,0.0005323886871337891
1780661963.8446388,SEND,413,1,
1780661963.8451514,ACK,413,1,0.0005125999450683594
1780661963.8455448,SEND,414,1,
1780661963.8460257,ACK,414,1,0.00048089027404785156
1780661963.8461554,SEND,415,1,
1780661963.8469837,ACK,415,1,0.0008282661437988281
1780661963.8475363,SEND,416,1,
1780661963.8480368,ACK,416,1,0.0005004405975341797
1780661963.8484452,SEND,417,1,
1780661963.8559902,ACK,417,1,0.007544994354248047
1780661963.856885,SEND,418,1,
1780661963.8578968,ACK,418,1,0.0010118484497070312
1780661963.8583796,SEND,419,1,
1780661963.858948,ACK,419,1,0.000568389892578125
1780661963.8593385,SEND,420,1,
1780661963.8598747,ACK,420,1,0.0005362033843994141
1780661963.86025,SEND,421,1,
1780661963.860719,ACK,421,1,0.00046896934509277344
1780661963.861121,SEND,422,1,
1780661963.8615355,ACK,422,1,0.0004146099090576172
1780661963.8619566,SEND,423,1,
1780661963.8626342,ACK,423,1,0.0006775856018066406
1780661963.8630862,SEND,424,1,
1780661963.863747,ACK,424,1,0.0006606578826904297
1780661963.8643274,SEND,425,1,
1780661963.8648717,ACK,425,1,0.0005443096160888672
1780661963.865312,SEND,426,1,
1780661963.866425,ACK,426,1,0.0011129379272460938
1780661963.8673244,SEND,427,1,
1780661963.8705971,ACK,427,1,0.0032727718353271484
1780661963.8789225,SEND,428,1,
1780661963.8796165,ACK,428,1,0.0006940364837646484
1780661963.8801506,SEND,429,1,
1780661963.881291,ACK,429,1,0.0011403560638427734
1780661963.8822837,SEND,430,1,
1780661963.8833294,ACK,430,1,0.0010457038879394531
1780661963.8853931,SEND,431,1,
1780661963.8877122,ACK,431,1,0.0023190975189208984
1780661963.8888488,SEND,432,1,
1780661963.892757,ACK,432,1,0.0039081573486328125
1780661963.8959858,SEND,433,1,
1780661965.8999507,TIMEOUT,433,1,
1780661965.900275,SEND,433,2,
1780661965.902608,ACK,433,2,0.002332925796508789
1780661965.9061255,SEND,434,1,
1780661965.9069724,ACK,434,1,0.00084686279296875
1780661965.907951,SEND,435,1,
1780661965.9092393,ACK,435,1,0.0012881755828857422
1780661965.9103158,SEND,436,1,
1780661965.9137354,ACK,436,1,0.003419637680053711
1780661965.9197392,SEND,437,1,
1780661965.9207802,ACK,437,1,0.0010409355163574219
1780661965.9218092,SEND,438,1,
1780661965.92283,ACK,438,1,0.0010209083557128906
1780661965.9238362,SEND,439,1,
1780661965.9246993,ACK,439,1,0.0008630752563476562
1780661965.9279585,SEND,440,1,
1780661967.9354708,TIMEOUT,440,1,
1780661967.9357343,SEND,440,2,
1780661967.9382255,ACK,440,2,0.0024912357330322266
1780661967.9419782,SEND,441,1,
1780661967.9428716,ACK,441,1,0.0008933544158935547
1780661967.943808,SEND,442,1,
1780661967.944744,ACK,442,1,0.0009360313415527344
1780661967.9456325,SEND,443,1,
1780661967.9465125,ACK,443,1,0.0008800029754638672
1780661967.9557784,SEND,444,1,
1780661967.9568183,ACK,444,1,0.0010399818420410156
1780661967.9577317,SEND,445,1,
1780661967.9588985,ACK,445,1,0.0011668205261230469
1780661967.959914,SEND,446,1,
1780661967.96119,ACK,446,1,0.0012760162353515625
1780661967.961991,SEND,447,1,
1780661967.9639368,ACK,447,1,0.0019457340240478516
1780661967.9648519,SEND,448,1,
1780661967.9737973,ACK,448,1,0.008945465087890625
1780661967.9760957,SEND,449,1,
1780661967.9786127,ACK,449,1,0.0025169849395751953
1780661967.9794931,SEND,450,1,
1780661967.9809647,ACK,450,1,0.0014715194702148438
1780661967.9829242,SEND,451,1,
1780661967.9838705,ACK,451,1,0.0009462833404541016
1780661967.9863243,SEND,452,1,
1780661967.9889739,ACK,452,1,0.002649545669555664
1780661967.9901242,SEND,453,1,
1780661967.9947095,ACK,453,1,0.00458526611328125
1780661967.9982543,SEND,454,1,
1780661967.9994106,ACK,454,1,0.0011563301086425781
1780661968.0005107,SEND,455,1,
1780661968.0036275,ACK,455,1,0.0031168460845947266
1780661968.0062237,SEND,456,1,
1780661968.00763,ACK,456,1,0.0014064311981201172
1780661968.0142496,SEND,457,1,
1780661968.015185,ACK,457,1,0.0009355545043945312
1780661968.015708,SEND,458,1,
1780661968.017006,ACK,458,1,0.0012979507446289062
1780661968.018571,SEND,459,1,
1780661968.021835,ACK,459,1,0.003264188766479492
1780661968.0228426,SEND,460,1,
1780661968.0274165,ACK,460,1,0.004573822021484375
1780661968.03106,SEND,461,1,
1780661968.0317929,ACK,461,1,0.0007328987121582031
1780661968.0331788,SEND,462,1,
1780661968.0343533,ACK,462,1,0.0011744499206542969
1780661968.037366,SEND,463,1,
1780661968.0388033,ACK,463,1,0.0014374256134033203
1780661968.0399919,SEND,464,1,
1780661968.0445478,ACK,464,1,0.004555940628051758
1780661968.0481818,SEND,465,1,
1780661968.0489924,ACK,465,1,0.0008106231689453125
1780661968.050149,SEND,466,1,
1780661968.0518138,ACK,466,1,0.001664876937866211
1780661968.0551112,SEND,467,1,
1780661968.0559506,ACK,467,1,0.0008394718170166016
1780661968.0570524,SEND,468,1,
1780661968.060949,ACK,468,1,0.0038967132568359375
1780661968.0644708,SEND,469,1,
1780661968.0654602,ACK,469,1,0.0009894371032714844
1780661968.066931,SEND,470,1,
1780661968.0695045,ACK,470,1,0.0025734901428222656
1780661968.0713744,SEND,471,1,
1780661968.072265,ACK,471,1,0.0008904933929443359
1780661968.072938,SEND,472,1,
1780661968.0762107,ACK,472,1,0.0032727718353271484
1780661968.0811079,SEND,473,1,
1780661968.0819168,ACK,473,1,0.0008089542388916016
1780661968.0828001,SEND,474,1,
1780661968.0846593,ACK,474,1,0.0018591880798339844
1780661968.0876672,SEND,475,1,
1780661968.0892603,ACK,475,1,0.0015931129455566406
1780661968.090122,SEND,476,1,
1780661968.094275,ACK,476,1,0.004153013229370117
1780661968.097875,SEND,477,1,
1780661968.098661,ACK,477,1,0.00078582763671875
1780661968.0995293,SEND,478,1,
1780661968.100871,ACK,478,1,0.0013418197631835938
1780661968.1043413,SEND,479,1,
1780661968.1056602,ACK,479,1,0.0013189315795898438
1780661968.106893,SEND,480,1,
1780661968.1109214,ACK,480,1,0.0040283203125
1780661968.114348,SEND,481,1,
1780661968.115139,ACK,481,1,0.0007910728454589844
1780661968.1157675,SEND,482,1,
1780661968.1169102,ACK,482,1,0.001142740249633789
1780661968.1193206,SEND,483,1,
1780661968.121556,ACK,483,1,0.00223541259765625
1780661968.1229444,SEND,484,1,
1780661968.1269236,ACK,484,1,0.003979206085205078
1780661968.13035,SEND,485,1,
1780661968.1312075,ACK,485,1,0.0008573532104492188
1780661968.1319363,SEND,486,1,
1780661968.1331406,ACK,486,1,0.0012042522430419922
1780661968.1347466,SEND,487,1,
1780661970.1393926,TIMEOUT,487,1,
1780661970.1398628,SEND,487,2,
1780661970.1440806,ACK,487,2,0.004217863082885742
1780661970.1479456,SEND,488,1,
1780661970.149468,ACK,488,1,0.0015223026275634766
1780661970.1518197,SEND,489,1,
1780661970.1530752,ACK,489,1,0.0012555122375488281
1780661970.1544142,SEND,490,1,
1780661970.1554804,ACK,490,1,0.0010662078857421875
1780661970.156935,SEND,491,1,
1780661972.171846,TIMEOUT,491,1,
1780661972.1722686,SEND,491,2,
1780661972.1759596,ACK,491,2,0.003690958023071289
1780661972.179362,SEND,492,1,
1780661972.1805162,ACK,492,1,0.001154184341430664
1780661972.1815948,SEND,493,1,
1780661972.183623,ACK,493,1,0.002028226852416992
1780661972.1853962,SEND,494,1,
1780661972.186685,ACK,494,1,0.0012888908386230469
1780661972.1878335,SEND,495,1,
1780661974.205459,TIMEOUT,495,1,
1780661974.205846,SEND,495,2,
1780661974.210384,ACK,495,2,0.004537820816040039
1780661974.2139213,SEND,496,1,
1780661976.2166157,TIMEOUT,496,1,
1780661976.2170782,SEND,496,2,
1780661978.2221346,TIMEOUT,496,2,
1780661978.2225258,SEND,496,3,
1780661978.2258446,ACK,496,3,0.00331878662109375
1780661978.22952,SEND,497,1,
1780661978.2307246,ACK,497,1,0.0012044906616210938
1780661978.2318347,SEND,498,1,
1780661978.2338362,ACK,498,1,0.002001523971557617
1780661978.2355492,SEND,499,1,
1780661978.236911,ACK,499,1,0.001361846923828125
1780661978.2384005,SEND,500,1,
1780661978.245779,ACK,500,1,0.007378578186035156
1780661978.246493,SEND,501,1,
1780661978.2472885,ACK,501,1,0.0007953643798828125
1780661978.2480445,SEND,502,1,
1780661978.248755,ACK,502,1,0.0007104873657226562
1780661978.2499762,SEND,503,1,
1780661980.2521677,TIMEOUT,503,1,
1780661980.2523904,SEND,503,2,
1780661980.2546747,ACK,503,2,0.0022842884063720703
1780661980.2579412,SEND,504,1,
1780661982.267797,TIMEOUT,504,1,
1780661982.2680066,SEND,504,2,
1780661982.2701452,ACK,504,2,0.0021386146545410156
1780661982.2736545,SEND,505,1,
1780661982.2744033,ACK,505,1,0.0007488727569580078
1780661982.27513,SEND,506,1,
1780661982.276235,ACK,506,1,0.0011050701141357422
1780661982.2768667,SEND,507,1,
1780661982.2778268,ACK,507,1,0.0009601116180419922
1780661982.2785237,SEND,508,1,
1780661982.2898636,ACK,508,1,0.011339902877807617
1780661982.290318,SEND,509,1,
1780661984.3023458,TIMEOUT,509,1,
1780661984.3026485,SEND,509,2,
1780661984.3048844,ACK,509,2,0.002235889434814453
1780661984.3082683,SEND,510,1,
1780661984.3091502,ACK,510,1,0.0008819103240966797
1780661984.3100333,SEND,511,1,
1780661984.3113604,ACK,511,1,0.0013270378112792969
1780661984.3123498,SEND,512,1,
1780661984.316131,ACK,512,1,0.0037813186645507812
1780661984.3214538,SEND,513,1,
1780661984.3224041,ACK,513,1,0.0009503364562988281
1780661984.323083,SEND,514,1,
1780661984.324093,ACK,514,1,0.0010101795196533203
1780661984.3250074,SEND,515,1,
1780661986.3339305,TIMEOUT,515,1,
1780661986.334234,SEND,515,2,
1780661986.336753,ACK,515,2,0.002518892288208008
1780661986.3373299,SEND,516,1,
1780661986.3407414,ACK,516,1,0.003411531448364258
1780661986.341371,SEND,517,1,
1780661986.3423097,ACK,517,1,0.0009386539459228516
1780661986.3428545,SEND,518,1,
1780661986.3438,ACK,518,1,0.0009455680847167969
1780661986.3445196,SEND,519,1,
1780661988.3539567,TIMEOUT,519,1,
1780661988.3545098,SEND,519,2,
1780661990.368209,TIMEOUT,519,2,
1780661990.3684478,SEND,519,3,
1780661990.370787,ACK,519,3,0.0023391246795654297
1780661990.3739657,SEND,520,1,
1780661990.3747637,ACK,520,1,0.0007979869842529297
1780661990.3754892,SEND,521,1,
1780661990.3764126,ACK,521,1,0.0009233951568603516
1780661990.3773558,SEND,522,1,
1780661990.3782022,ACK,522,1,0.0008463859558105469
1780661990.379077,SEND,523,1,
1780661992.3829322,TIMEOUT,523,1,
1780661992.3831668,SEND,523,2,
1780661992.3854485,ACK,523,2,0.002281665802001953
1780661992.3888428,SEND,524,1,
1780661994.4017134,TIMEOUT,524,1,
1780661994.4020803,SEND,524,2,
1780661994.4062557,ACK,524,2,0.004175424575805664
1780661994.4097176,SEND,525,1,
1780661994.4111247,ACK,525,1,0.0014071464538574219
1780661994.4128065,SEND,526,1,
1780661994.4153342,ACK,526,1,0.0025277137756347656
1780661994.4180195,SEND,527,1,
1780661996.4334805,TIMEOUT,527,1,
1780661996.433905,SEND,527,2,
1780661996.4348745,ACK,527,2,0.0009696483612060547
1780661996.4355452,SEND,528,1,
1780661996.4362648,ACK,528,1,0.0007195472717285156
1780661996.4369385,SEND,529,1,
1780661996.437627,ACK,529,1,0.0006885528564453125
1780661996.4381778,SEND,530,1,
1780661996.4388127,ACK,530,1,0.0006349086761474609
1780661996.4393728,SEND,531,1,
1780661996.439906,ACK,531,1,0.0005331039428710938
1780661996.4404247,SEND,532,1,
1780661996.4412055,ACK,532,1,0.0007808208465576172
1780661996.4418886,SEND,533,1,
1780661996.4428372,ACK,533,1,0.0009486675262451172
1780661996.44336,SEND,534,1,
1780661996.4522316,ACK,534,1,0.00887155532836914
1780661996.4529245,SEND,535,1,
1780661996.4538121,ACK,535,1,0.0008876323699951172
1780661996.4543657,SEND,536,1,
1780661996.4554005,ACK,536,1,0.0010347366333007812
1780661996.4560993,SEND,537,1,
1780661996.4571898,ACK,537,1,0.0010905265808105469
1780661996.4581308,SEND,538,1,
1780661996.4623785,ACK,538,1,0.0042476654052734375
1780661996.4663773,SEND,539,1,
1780661998.4684236,TIMEOUT,539,1,
1780661998.4686036,SEND,539,2,
1780661998.4703875,ACK,539,2,0.0017838478088378906
1780661998.4737952,SEND,540,1,
1780662000.4748824,TIMEOUT,540,1,
1780662000.475343,SEND,540,2,
1780662000.479268,ACK,540,2,0.0039250850677490234
1780662000.483236,SEND,541,1,
1780662002.488126,TIMEOUT,541,1,
1780662002.4885612,SEND,541,2,
1780662002.4921732,ACK,541,2,0.003612041473388672
1780662002.4954278,SEND,542,1,
1780662002.4964485,ACK,542,1,0.001020669937133789
1780662002.4973583,SEND,543,1,
1780662002.4985814,ACK,543,1,0.0012230873107910156
1780662002.4997387,SEND,544,1,
1780662002.501629,ACK,544,1,0.001890420913696289
1780662002.5027134,SEND,545,1,
1780662002.5064273,ACK,545,1,0.003713846206665039
1780662002.5094929,SEND,546,1,
1780662002.5102763,ACK,546,1,0.0007834434509277344
1780662002.511021,SEND,547,1,
1780662002.511725,ACK,547,1,0.0007040500640869141
1780662002.5123513,SEND,548,1,
1780662002.5129144,ACK,548,1,0.0005631446838378906
1780662002.5135226,SEND,549,1,
1780662004.5193503,TIMEOUT,549,1,
1780662004.5197957,SEND,549,2,
1780662004.5243008,ACK,549,2,0.004505157470703125
1780662004.527777,SEND,550,1,
1780662004.529245,ACK,550,1,0.0014679431915283203
1780662004.5308635,SEND,551,1,
1780662004.5335803,ACK,551,1,0.0027167797088623047
1780662004.5357404,SEND,552,1,
1780662004.5372188,ACK,552,1,0.001478433609008789
1780662004.5384576,SEND,553,1,
1780662004.5399368,ACK,553,1,0.0014791488647460938
1780662004.540892,SEND,554,1,
1780662004.5441031,ACK,554,1,0.0032112598419189453
1780662004.5474634,SEND,555,1,
1780662004.548198,ACK,555,1,0.0007345676422119141
1780662004.5489674,SEND,556,1,
1780662004.5502946,ACK,556,1,0.0013272762298583984
1780662004.552234,SEND,557,1,
1780662004.553313,ACK,557,1,0.0010790824890136719
1780662004.554385,SEND,558,1,
1780662004.5551295,ACK,558,1,0.0007445812225341797
1780662004.5583382,SEND,559,1,
1780662004.561975,ACK,559,1,0.0036368370056152344
1780662004.5626853,SEND,560,1,
1780662004.5634403,ACK,560,1,0.0007550716400146484
1780662004.5639744,SEND,561,1,
1780662004.5648103,ACK,561,1,0.0008358955383300781
1780662004.5653317,SEND,562,1,
1780662004.5662377,ACK,562,1,0.0009059906005859375
1780662004.5677834,SEND,563,1,
1780662004.5713513,ACK,563,1,0.003567934036254883
1780662004.5735745,SEND,564,1,
1780662004.5744994,ACK,564,1,0.0009248256683349609
1780662004.575629,SEND,565,1,
1780662006.583737,TIMEOUT,565,1,
1780662006.5839553,SEND,565,2,
1780662006.5862732,ACK,565,2,0.0023179054260253906
1780662006.5894575,SEND,566,1,
1780662006.5901666,ACK,566,1,0.0007090568542480469
1780662006.5908127,SEND,567,1,
1780662006.5915945,ACK,567,1,0.0007817745208740234
1780662006.592321,SEND,568,1,
1780662006.5930083,ACK,568,1,0.0006873607635498047
1780662006.5937316,SEND,569,1,
1780662006.596511,ACK,569,1,0.002779245376586914
1780662006.6016436,SEND,570,1,
1780662006.603115,ACK,570,1,0.0014715194702148438
1780662006.6041248,SEND,571,1,
1780662006.6047766,ACK,571,1,0.0006518363952636719
1780662006.6053271,SEND,572,1,
1780662006.6060073,ACK,572,1,0.0006802082061767578
1780662006.606685,SEND,573,1,
1780662006.6109493,ACK,573,1,0.004264354705810547
1780662006.6139014,SEND,574,1,
1780662006.614588,ACK,574,1,0.0006866455078125
1780662006.6151845,SEND,575,1,
1780662006.6163652,ACK,575,1,0.0011806488037109375
1780662006.6170514,SEND,576,1,
1780662006.6189268,ACK,576,1,0.0018754005432128906
1780662006.6235728,SEND,577,1,
1780662006.6275172,ACK,577,1,0.00394439697265625
1780662006.6307213,SEND,578,1,
1780662006.631386,ACK,578,1,0.0006647109985351562
1780662006.6322556,SEND,579,1,
1780662006.6330752,ACK,579,1,0.0008196830749511719
1780662006.634341,SEND,580,1,
1780662006.6384442,ACK,580,1,0.004103183746337891
1780662006.6446474,SEND,581,1,
1780662006.6453667,ACK,581,1,0.0007193088531494141
1780662006.6459086,SEND,582,1,
1780662008.653567,TIMEOUT,582,1,
1780662008.6539955,SEND,582,2,
1780662008.6567926,ACK,582,2,0.0027971267700195312
1780662008.660247,SEND,583,1,
1780662008.660878,ACK,583,1,0.0006308555603027344
1780662008.6614525,SEND,584,1,
1780662008.662466,ACK,584,1,0.0010135173797607422
1780662008.6631176,SEND,585,1,
1780662008.6638231,ACK,585,1,0.0007054805755615234
1780662008.664568,SEND,586,1,
1780662010.6879754,TIMEOUT,586,1,
1780662010.6884186,SEND,586,2,
1780662010.6921926,ACK,586,2,0.003773927688598633
1780662010.696134,SEND,587,1,
1780662010.6975398,ACK,587,1,0.0014057159423828125
1780662010.699428,SEND,588,1,
1780662012.7035744,TIMEOUT,588,1,
1780662012.703991,SEND,588,2,
1780662012.708168,ACK,588,2,0.004177093505859375
1780662012.7115722,SEND,589,1,
1780662012.7129781,ACK,589,1,0.001405954360961914
1780662012.7139122,SEND,590,1,
1780662012.7147474,ACK,590,1,0.0008351802825927734
1780662012.716417,SEND,591,1,
1780662012.7185571,ACK,591,1,0.002140045166015625
1780662012.7199275,SEND,592,1,
1780662012.7209241,ACK,592,1,0.0009965896606445312
1780662012.7217803,SEND,593,1,
1780662014.7367592,TIMEOUT,593,1,
1780662014.7372031,SEND,593,2,
1780662014.7411563,ACK,593,2,0.003953218460083008
1780662014.744464,SEND,594,1,
1780662014.7453275,ACK,594,1,0.0008635520935058594
1780662014.7463179,SEND,595,1,
1780662014.7475493,ACK,595,1,0.0012314319610595703
1780662014.7486813,SEND,596,1,
1780662014.7538128,ACK,596,1,0.00513148307800293
1780662014.7586465,SEND,597,1,
1780662014.75931,ACK,597,1,0.0006635189056396484
1780662014.7598894,SEND,598,1,
1780662014.7608461,ACK,598,1,0.0009567737579345703
1780662014.7616196,SEND,599,1,
1780662014.7622502,ACK,599,1,0.0006306171417236328
1780662014.762716,SEND,600,1,
1780662014.7632465,ACK,600,1,0.0005304813385009766
1780662014.763886,SEND,601,1,
1780662014.7643263,ACK,601,1,0.00044035911560058594
1780662014.764838,SEND,602,1,
1780662014.7660885,ACK,602,1,0.0012505054473876953
1780662014.766867,SEND,603,1,
1780662014.7715652,ACK,603,1,0.004698276519775391
1780662014.7737556,SEND,604,1,
1780662014.7794304,ACK,604,1,0.005674839019775391
1780662014.7799509,SEND,605,1,
1780662014.7807484,ACK,605,1,0.0007975101470947266
1780662014.781259,SEND,606,1,
1780662014.7821062,ACK,606,1,0.0008471012115478516
1780662014.7829573,SEND,607,1,
1780662014.7843807,ACK,607,1,0.0014233589172363281
1780662014.7874064,SEND,608,1,
1780662014.7937145,ACK,608,1,0.006308078765869141
1780662014.796871,SEND,609,1,
1780662014.7976985,ACK,609,1,0.0008275508880615234
1780662014.798235,SEND,610,1,
1780662014.7995145,ACK,610,1,0.001279592514038086
1780662014.8007536,SEND,611,1,
1780662014.8062155,ACK,611,1,0.005461931228637695
1780662014.8113925,SEND,612,1,
1780662016.8159552,TIMEOUT,612,1,
1780662016.8164043,SEND,612,2,
1780662016.8202975,ACK,612,2,0.003893136978149414
1780662016.8240201,SEND,613,1,
1780662016.8253279,ACK,613,1,0.0013077259063720703
1780662016.827572,SEND,614,1,
1780662016.8289735,ACK,614,1,0.0014014244079589844
1780662016.836417,SEND,615,1,
1780662016.837888,ACK,615,1,0.0014710426330566406
1780662016.8386977,SEND,616,1,
1780662016.8396,ACK,616,1,0.0009024143218994141
1780662016.8402061,SEND,617,1,
1780662018.8534422,TIMEOUT,617,1,
1780662018.853865,SEND,617,2,
1780662018.857916,ACK,617,2,0.00405120849609375
1780662018.8612177,SEND,618,1,
1780662018.86227,ACK,618,1,0.0010523796081542969
1780662018.8633626,SEND,619,1,
1780662018.865348,ACK,619,1,0.0019855499267578125
1780662018.8700705,SEND,620,1,
1780662018.8752184,ACK,620,1,0.0051479339599609375
1780662018.8760202,SEND,621,1,
1780662018.8769047,ACK,621,1,0.0008845329284667969
1780662018.8776565,SEND,622,1,
1780662018.8785124,ACK,622,1,0.0008559226989746094
1780662018.8815305,SEND,623,1,
1780662018.8872545,ACK,623,1,0.0057239532470703125
1780662018.8897128,SEND,624,1,
1780662018.8920615,ACK,624,1,0.002348661422729492
1780662018.8930264,SEND,625,1,
1780662018.893857,ACK,625,1,0.0008306503295898438
1780662018.8946865,SEND,626,1,
1780662018.8966515,ACK,626,1,0.001965045928955078
1780662018.9008505,SEND,627,1,
1780662018.9020813,ACK,627,1,0.0012307167053222656
1780662018.903383,SEND,628,1,
1780662018.910218,ACK,628,1,0.006834983825683594
1780662018.914575,SEND,629,1,
1780662018.9156404,ACK,629,1,0.0010652542114257812
1780662018.9162033,SEND,630,1,
1780662018.918117,ACK,630,1,0.0019137859344482422
1780662018.9208322,SEND,631,1,
1780662018.9234226,ACK,631,1,0.0025904178619384766
1780662018.924102,SEND,632,1,
1780662018.9272244,ACK,632,1,0.0031223297119140625
1780662018.9308414,SEND,633,1,
1780662018.9317343,ACK,633,1,0.0008928775787353516
1780662018.9329116,SEND,634,1,
1780662018.9341853,ACK,634,1,0.0012736320495605469
1780662018.9380999,SEND,635,1,
1780662018.9402578,ACK,635,1,0.002157926559448242
1780662018.943033,SEND,636,1,
1780662018.9473844,ACK,636,1,0.004351377487182617
1780662018.947857,SEND,637,1,
1780662018.9487038,ACK,637,1,0.00084686279296875
1780662018.9495213,SEND,638,1,
1780662018.9522,ACK,638,1,0.0026786327362060547
1780662018.9541519,SEND,639,1,
1780662020.9701812,TIMEOUT,639,1,
1780662020.9706168,SEND,639,2,
1780662020.9747205,ACK,639,2,0.004103660583496094
1780662020.9778924,SEND,640,1,
1780662020.9789295,ACK,640,1,0.0010371208190917969
1780662020.9801078,SEND,641,1,
1780662020.9818163,ACK,641,1,0.0017085075378417969
1780662020.9834275,SEND,642,1,
1780662020.9848816,ACK,642,1,0.0014541149139404297
1780662020.9860058,SEND,643,1,
1780662020.9871235,ACK,643,1,0.001117706298828125
1780662020.9880877,SEND,644,1,
1780662020.9894419,ACK,644,1,0.001354217529296875
1780662020.9902897,SEND,645,1,
1780662020.9909973,ACK,645,1,0.0007076263427734375
1780662020.9917645,SEND,646,1,
1780662020.9924028,ACK,646,1,0.0006382465362548828
1780662020.9931753,SEND,647,1,
1780662020.993734,ACK,647,1,0.0005586147308349609
1780662020.9945781,SEND,648,1,
1780662020.9976392,ACK,648,1,0.003061056137084961
1780662021.002282,SEND,649,1,
1780662021.0036938,ACK,649,1,0.0014119148254394531
1780662021.00512,SEND,650,1,
1780662021.0076299,ACK,650,1,0.0025098323822021484
1780662021.0120745,SEND,651,1,
1780662021.0128207,ACK,651,1,0.0007462501525878906
1780662021.0133836,SEND,652,1,
1780662021.0141268,ACK,652,1,0.0007431507110595703
1780662021.0145047,SEND,653,1,
1780662021.0151823,ACK,653,1,0.0006775856018066406
1780662021.0158024,SEND,654,1,
1780662021.0175197,ACK,654,1,0.0017173290252685547
1780662021.0209572,SEND,655,1,
1780662021.0231135,ACK,655,1,0.0021562576293945312
1780662021.024515,SEND,656,1,
1780662021.0269487,ACK,656,1,0.00243377685546875
1780662021.0301757,SEND,657,1,
1780662021.0309837,ACK,657,1,0.0008080005645751953
1780662021.0315588,SEND,658,1,
1780662021.0328813,ACK,658,1,0.0013225078582763672
1780662021.0338824,SEND,659,1,
1780662023.0389292,TIMEOUT,659,1,
1780662023.0393896,SEND,659,2,
1780662023.0428572,ACK,659,2,0.003467559814453125
1780662023.0461318,SEND,660,1,
1780662023.0470574,ACK,660,1,0.0009255409240722656
1780662023.0479796,SEND,661,1,
1780662023.0494232,ACK,661,1,0.001443624496459961
1780662023.0512996,SEND,662,1,
1780662023.052448,ACK,662,1,0.0011484622955322266
1780662023.0536401,SEND,663,1,
1780662023.0585854,ACK,663,1,0.004945278167724609
1780662023.0616875,SEND,664,1,
1780662023.0625892,ACK,664,1,0.0009016990661621094
1780662023.0631604,SEND,665,1,
1780662023.064022,ACK,665,1,0.0008616447448730469
1780662023.0646048,SEND,666,1,
1780662023.06533,ACK,666,1,0.0007252693176269531
1780662023.066082,SEND,667,1,
1780662023.068747,ACK,667,1,0.0026650428771972656
1780662023.072442,SEND,668,1,
1780662023.0769763,ACK,668,1,0.004534244537353516
1780662023.0777988,SEND,669,1,
1780662023.0788524,ACK,669,1,0.0010535717010498047
1780662023.079397,SEND,670,1,
1780662023.0816536,ACK,670,1,0.002256631851196289
1780662023.082526,SEND,671,1,
1780662023.0834706,ACK,671,1,0.0009446144104003906
1780662023.0861015,SEND,672,1,
1780662023.0896554,ACK,672,1,0.0035538673400878906
1780662023.090261,SEND,673,1,
1780662023.0924432,ACK,673,1,0.0021822452545166016
1780662023.0929408,SEND,674,1,
1780662023.0934672,ACK,674,1,0.00052642822265625
1780662023.099127,SEND,675,1,
1780662025.0999854,TIMEOUT,675,1,
1780662025.100179,SEND,675,2,
1780662025.103903,ACK,675,2,0.0037240982055664062
1780662025.1072557,SEND,676,1,
1780662025.1079473,ACK,676,1,0.0006916522979736328
1780662025.108623,SEND,677,1,
1780662025.1094644,ACK,677,1,0.0008413791656494141
1780662025.1102479,SEND,678,1,
1780662025.1135652,ACK,678,1,0.0033173561096191406
1780662025.1200187,SEND,679,1,
1780662025.1207302,ACK,679,1,0.0007114410400390625
1780662025.1214008,SEND,680,1,
1780662025.1223238,ACK,680,1,0.0009229183197021484
1780662025.1230745,SEND,681,1,
1780662025.1268585,ACK,681,1,0.0037839412689208984
1780662025.1300266,SEND,682,1,
1780662025.130816,ACK,682,1,0.0007894039154052734
1780662025.1313136,SEND,683,1,
1780662025.1325257,ACK,683,1,0.0012121200561523438
1780662025.1333115,SEND,684,1,
1780662025.1349003,ACK,684,1,0.0015888214111328125
1780662025.1394355,SEND,685,1,
1780662025.1459742,ACK,685,1,0.0065386295318603516
1780662025.146458,SEND,686,1,
1780662025.1473544,ACK,686,1,0.000896453857421875
1780662025.1478896,SEND,687,1,
1780662025.1487823,ACK,687,1,0.00089263916015625
1780662025.1494856,SEND,688,1,
1780662025.1513257,ACK,688,1,0.0018401145935058594
1780662025.1548357,SEND,689,1,
1780662025.1614883,ACK,689,1,0.0066525936126708984
1780662025.1619475,SEND,690,1,
1780662025.162886,ACK,690,1,0.00093841552734375
1780662025.1638885,SEND,691,1,
1780662025.1645048,ACK,691,1,0.0006163120269775391
1780662025.165213,SEND,692,1,
1780662025.1659968,ACK,692,1,0.0007836818695068359
1780662025.1673377,SEND,693,1,
1780662025.171812,ACK,693,1,0.0044744014739990234
1780662025.1726003,SEND,694,1,
1780662025.1790295,ACK,694,1,0.006429195404052734
1780662025.1795762,SEND,695,1,
1780662025.180318,ACK,695,1,0.0007419586181640625
1780662025.1808832,SEND,696,1,
1780662025.1814733,ACK,696,1,0.0005900859832763672
1780662025.18263,SEND,697,1,
1780662025.1851883,ACK,697,1,0.0025582313537597656
1780662025.1872046,SEND,698,1,
1780662025.1882005,ACK,698,1,0.0009958744049072266
1780662025.189291,SEND,699,1,
1780662025.1948745,ACK,699,1,0.005583524703979492
1780662025.195339,SEND,700,1,
1780662025.1959765,ACK,700,1,0.0006375312805175781
1780662025.196529,SEND,701,1,
1780662025.1973593,ACK,701,1,0.0008304119110107422
1780662025.1979227,SEND,702,1,
1780662025.1991773,ACK,702,1,0.0012545585632324219
1780662025.2004447,SEND,703,1,
1780662025.20369,ACK,703,1,0.0032453536987304688
1780662025.2078302,SEND,704,1,
1780662025.211006,ACK,704,1,0.0031757354736328125
1780662025.2114978,SEND,705,1,
1780662025.2120948,ACK,705,1,0.0005970001220703125
1780662025.2125728,SEND,706,1,
1780662027.2179103,TIMEOUT,706,1,
1780662027.2180896,SEND,706,2,
1780662027.219899,ACK,706,2,0.0018093585968017578
1780662027.223177,SEND,707,1,
1780662027.2238595,ACK,707,1,0.0006825923919677734
1780662027.2245393,SEND,708,1,
1780662027.225311,ACK,708,1,0.0007717609405517578
1780662027.2259161,SEND,709,1,
1780662027.2266657,ACK,709,1,0.0007495880126953125
1780662027.2273645,SEND,710,1,
1780662027.2309177,ACK,710,1,0.003553152084350586
1780662027.235464,SEND,711,1,
1780662029.2486038,TIMEOUT,711,1,
1780662029.2489126,SEND,711,2,
1780662029.2516146,ACK,711,2,0.002701997756958008
1780662029.255537,SEND,712,1,
1780662029.2562912,ACK,712,1,0.0007541179656982422
1780662029.2568104,SEND,713,1,
1780662031.2666013,TIMEOUT,713,1,
1780662031.2668068,SEND,713,2,
1780662031.2696164,ACK,713,2,0.0028095245361328125
1780662031.2733586,SEND,714,1,
1780662031.274239,ACK,714,1,0.0008804798126220703
1780662031.275179,SEND,715,1,
1780662031.276243,ACK,715,1,0.0010640621185302734
1780662031.2770627,SEND,716,1,
1780662031.2780237,ACK,716,1,0.0009610652923583984
1780662031.28802,SEND,717,1,
1780662031.2890258,ACK,717,1,0.0010058879852294922
1780662031.2896924,SEND,718,1,
1780662033.3042555,TIMEOUT,718,1,
1780662033.3046925,SEND,718,2,
1780662033.3085074,ACK,718,2,0.0038149356842041016
1780662033.3095627,SEND,719,1,
1780662033.3136287,ACK,719,1,0.004065990447998047
1780662033.3147786,SEND,720,1,
1780662033.3164978,ACK,720,1,0.0017192363739013672
1780662033.3184314,SEND,721,1,
1780662033.3199615,ACK,721,1,0.0015301704406738281
1780662033.321014,SEND,722,1,
1780662033.3256714,ACK,722,1,0.0046575069427490234
1780662033.3296227,SEND,723,1,
1780662033.3303492,ACK,723,1,0.0007264614105224609
1780662033.3311415,SEND,724,1,
1780662035.3344758,TIMEOUT,724,1,
1780662035.3348558,SEND,724,2,
1780662037.3522549,TIMEOUT,724,2,
1780662037.3527086,SEND,724,3,
1780662037.35697,ACK,724,3,0.004261493682861328
1780662037.36051,SEND,725,1,
1780662037.3620396,ACK,725,1,0.0015294551849365234
1780662037.3633943,SEND,726,1,
1780662037.3711653,ACK,726,1,0.007771015167236328
1780662037.3722286,SEND,727,1,
1780662037.3735797,ACK,727,1,0.0013511180877685547
1780662037.3745363,SEND,728,1,
1780662037.376627,ACK,728,1,0.0020906925201416016
1780662037.377583,SEND,729,1,
1780662037.37817,ACK,729,1,0.0005869865417480469
1780662037.378603,SEND,730,1,
1780662037.379069,ACK,730,1,0.0004661083221435547
1780662037.3795846,SEND,731,1,
1780662037.3801947,ACK,731,1,0.0006101131439208984
1780662037.3806598,SEND,732,1,
1780662037.3913112,ACK,732,1,0.010651350021362305
1780662037.3926587,SEND,733,1,
1780662037.3943071,ACK,733,1,0.0016484260559082031
1780662037.3950417,SEND,734,1,
1780662037.3956938,ACK,734,1,0.0006520748138427734
1780662037.3962333,SEND,735,1,
1780662037.3967366,ACK,735,1,0.0005033016204833984
1780662037.3971531,SEND,736,1,
1780662037.3976157,ACK,736,1,0.00046253204345703125
1780662037.3979497,SEND,737,1,
1780662037.3988683,ACK,737,1,0.0009186267852783203
1780662037.3997626,SEND,738,1,
1780662037.4014459,ACK,738,1,0.0016832351684570312
1780662037.4043686,SEND,739,1,
1780662037.408331,ACK,739,1,0.003962278366088867
1780662037.4138782,SEND,740,1,
1780662037.4145327,ACK,740,1,0.0006544589996337891
1780662037.4152038,SEND,741,1,
1780662037.4164221,ACK,741,1,0.0012183189392089844
1780662037.4191375,SEND,742,1,
1780662037.4224918,ACK,742,1,0.003354310989379883
1780662037.423365,SEND,743,1,
1780662037.4243479,ACK,743,1,0.0009827613830566406
1780662037.4261832,SEND,744,1,
1780662037.4298885,ACK,744,1,0.003705263137817383
1780662037.430483,SEND,745,1,
1780662039.4331234,TIMEOUT,745,1,
1780662039.4333417,SEND,745,2,
1780662039.4355247,ACK,745,2,0.0021829605102539062
1780662039.4386084,SEND,746,1,
1780662039.4394166,ACK,746,1,0.0008082389831542969
1780662039.4402142,SEND,747,1,
1780662039.4413729,ACK,747,1,0.0011587142944335938
1780662039.4422555,SEND,748,1,
1780662039.4430952,ACK,748,1,0.0008397102355957031
1780662039.4438448,SEND,749,1,
1780662039.450837,ACK,749,1,0.0069921016693115234
1780662039.4523928,SEND,750,1,
1780662041.4682183,TIMEOUT,750,1,
1780662041.4685645,SEND,750,2,
1780662041.4714851,ACK,750,2,0.0029206275939941406
1780662041.4750485,SEND,751,1,
1780662041.4758675,ACK,751,1,0.0008189678192138672
1780662041.4767494,SEND,752,1,
1780662041.4777632,ACK,752,1,0.0010137557983398438
1780662041.4786427,SEND,753,1,
1780662041.479612,ACK,753,1,0.0009694099426269531
1780662041.4869921,SEND,754,1,
1780662041.4884076,ACK,754,1,0.0014154911041259766
1780662041.4890425,SEND,755,1,
1780662041.4900398,ACK,755,1,0.000997304916381836
1780662041.4905372,SEND,756,1,
1780662041.4915082,ACK,756,1,0.0009710788726806641
1780662041.4925675,SEND,757,1,
1780662041.4934812,ACK,757,1,0.0009136199951171875
1780662041.4941156,SEND,758,1,
1780662041.4948704,ACK,758,1,0.0007548332214355469
1780662041.4965055,SEND,759,1,
1780662041.5044434,ACK,759,1,0.007937908172607422
1780662041.507159,SEND,760,1,
1780662041.5086985,ACK,760,1,0.001539468765258789
1780662041.5094945,SEND,761,1,
1780662041.5112915,ACK,761,1,0.0017969608306884766
1780662041.5120437,SEND,762,1,
1780662041.5126026,ACK,762,1,0.0005588531494140625
1780662041.5131183,SEND,763,1,
1780662041.5135918,ACK,763,1,0.0004734992980957031
1780662041.514059,SEND,764,1,
1780662041.5145516,ACK,764,1,0.0004925727844238281
1780662041.515661,SEND,765,1,
1780662041.5179853,ACK,765,1,0.002324342727661133
1780662041.5207696,SEND,766,1,
1780662041.5219252,ACK,766,1,0.0011556148529052734
1780662041.5229125,SEND,767,1,
1780662041.5306091,ACK,767,1,0.007696628570556641
